{
	"format_version": "1.8.0",
	"animations": {
		"smsr.idle": {
			"loop": true
		},
		"smsr.swing_start": {
			"loop": "hold_on_last_frame",
			"animation_length": 0.5,
			"blend_weight": "1.15",
			"bones": {
				"bipedHead": {
					"rotation": {
						"0.125": {
							"vector": [0, 0, 0],
							"easing": "linear"
						},
						"0.5": {
							"vector": [27.52235, 2.21738, 1.15495],
							"easing": "linear"
						}
					},
					"position": {
						"0.125": {
							"vector": [0, 0, 0],
							"easing": "linear"
						},
						"0.5": {
							"vector": [0, 0, 3.7],
							"easing": "linear"
						}
					}
				},
				"bipedBody": {
					"rotation": {
						"0.125": {
							"vector": [0, 0, 0],
							"easing": "linear"
						},
						"0.5": {
							"vector": [55, 0, 0],
							"easing": "linear"
						}
					},
					"position": {
						"0.125": {
							"vector": [0, 0, 0],
							"easing": "linear"
						},
						"0.5": {
							"vector": [0, 0, 4],
							"easing": "linear"
						}
					}
				},
				"bipedRightArm": {
					"rotation": {
						"0.0": {
							"vector": [0, 0, 0],
							"easing": "linear"
						},
						"0.3333": {
							"vector": [-145.23032, -1.50179, 17.43745],
							"easing": "linear"
						},
						"0.5": {
							"vector": [-145.23032, -1.50179, 17.43745],
							"easing": "linear"
						}
					},
					"position": {
						"0.0": {
							"vector": [0, 0, 0],
							"easing": "linear"
						},
						"0.3333": {
							"vector": [1, 3, 3.1],
							"easing": "linear"
						},
						"0.5": {
							"vector": [1, 3, 3.1],
							"easing": "linear"
						}
					}
				},
				"bipedLeftArm": {
					"rotation": {
						"0.125": {
							"vector": [0, 0, 0],
							"easing": "linear"
						},
						"0.5": {
							"vector": [-152.53729, 0.86717, -19.92442],
							"easing": "linear"
						}
					},
					"position": {
						"0.125": {
							"vector": [0, 0, 0],
							"easing": "linear"
						},
						"0.5": {
							"vector": [-0.6, 3, 3],
							"easing": "linear"
						}
					}
				},
				"bipedLeftLeg": {
					"rotation": {
						"0.125": {
							"vector": [0, 0, 0],
							"easing": "linear"
						},
						"0.5": {
							"vector": [71.60892, 4.8283, -9.43805],
							"easing": "linear"
						}
					},
					"position": {
						"0.125": {
							"vector": [0, 0, 0],
							"easing": "linear"
						},
						"0.5": {
							"vector": [0, 6, 14],
							"easing": "linear"
						}
					}
				},
				"bipedRightLeg": {
					"rotation": {
						"0.125": {
							"vector": [0, 0, 0],
							"easing": "linear"
						},
						"0.5": {
							"vector": [82.67583, 1.61888, 12.39638],
							"easing": "linear"
						}
					},
					"position": {
						"0.125": {
							"vector": [0, 0, 0],
							"easing": "linear"
						},
						"0.5": {
							"vector": [0, 6, 13],
							"easing": "linear"
						}
					}
				},
				"RightLeg": {
					"rotation": {
						"0.125": {
							"vector": [0, 0, 0],
							"easing": "linear"
						},
						"0.5": {
							"vector": [0, 0, 5],
							"easing": "linear"
						}
					},
					"position": {
						"0.125": {
							"vector": [0, 0, 0],
							"easing": "linear"
						},
						"0.5": {
							"vector": [0, 0, 0],
							"easing": "linear"
						}
					}
				}
			}
		},
		"smsr.swing_middle": {
			"loop": "hold_on_last_frame",
			"animation_length": 0.1667,
			"blend_weight": "1.15",
			"bones": {
				"bipedHead": {
					"rotation": {
						"0.0": {
							"vector": [27.52235, 2.21738, 1.15495],
							"easing": "linear"
						},
						"0.1667": {
							"vector": [2.52235, 2.21738, 1.15495],
							"easing": "linear"
						}
					},
					"position": {
						"0.0": {
							"vector": [0, 0, 3.7],
							"easing": "linear"
						},
						"0.1667": {
							"vector": [0, 0, 0.7],
							"easing": "linear"
						}
					}
				},
				"bipedBody": {
					"rotation": {
						"0.0": {
							"vector": [55, 0, 0],
							"easing": "linear"
						},
						"0.1667": {
							"vector": [2.5, 0, 0],
							"easing": "linear"
						}
					},
					"position": {
						"0.0": {
							"vector": [0, 0, 4],
							"easing": "linear"
						},
						"0.1667": {
							"vector": [0, 0, 1],
							"easing": "linear"
						}
					}
				},
				"bipedRightArm": {
					"rotation": {
						"vector": [-145.23032, -1.50179, 17.43745],
						"easing": "linear"
					},
					"position": {
						"0.0": {
							"vector": [1, 3, 3.1],
							"easing": "linear"
						},
						"0.1667": {
							"vector": [1, 3, -0.9],
							"easing": "linear"
						}
					}
				},
				"bipedLeftArm": {
					"rotation": {
						"vector": [-152.53729, 0.86717, -19.92442],
						"easing": "linear"
					},
					"position": {
						"0.0": {
							"vector": [-0.6, 3, 3],
							"easing": "linear"
						},
						"0.1667": {
							"vector": [-0.6, 3, -1],
							"easing": "linear"
						}
					}
				},
				"bipedLeftLeg": {
					"rotation": {
						"0.0": {
							"vector": [71.60892, 4.8283, -9.43805],
							"easing": "linear"
						},
						"0.1667": {
							"vector": [19.18844, -6.79626, -14.04226],
							"easing": "linear"
						}
					},
					"position": {
						"0.0": {
							"vector": [0, 6, 14],
							"easing": "linear"
						},
						"0.1667": {
							"vector": [0, 1, 1],
							"easing": "linear"
						}
					}
				},
				"bipedRightLeg": {
					"rotation": {
						"0.0": {
							"vector": [82.67583, 1.61888, 12.39638],
							"easing": "linear"
						},
						"0.1667": {
							"vector": [22.668, -0.68799, 11.43278],
							"easing": "linear"
						}
					},
					"position": {
						"0.0": {
							"vector": [0, 6, 13],
							"easing": "linear"
						},
						"0.1667": {
							"vector": [0, 0, 2],
							"easing": "linear"
						}
					}
				}
			}
		},
		"smsr.swing_end": {
			"loop": "hold_on_last_frame",
			"animation_length": 0.25,
			"blend_weight": "1.15",
			"bones": {
				"bipedHead": {
					"rotation": {
						"vector": [2.52235, 2.21738, 1.15495],
						"easing": "linear"
					},
					"position": {
						"0.0": {
							"vector": [0, 0, 0.7],
							"easing": "linear"
						},
						"0.25": {
							"vector": [0, 0, -5.3],
							"easing": "linear"
						}
					}
				},
				"bipedBody": {
					"rotation": {
						"0.0": {
							"vector": [2.5, 0, 0],
							"easing": "linear"
						},
						"0.25": {
							"vector": [-32.5, 0, 0],
							"easing": "linear"
						}
					},
					"position": {
						"0.0": {
							"vector": [0, 0, 1],
							"easing": "linear"
						},
						"0.25": {
							"vector": [0, 0, -5],
							"easing": "linear"
						}
					}
				},
				"bipedRightArm": {
					"rotation": {
						"0.0": {
							"vector": [-145.23032, -1.50179, 17.43745],
							"easing": "linear"
						},
						"0.25": {
							"vector": [-200.23032, -1.50179, 17.43745],
							"easing": "linear"
						}
					},
					"position": {
						"0.0": {
							"vector": [1, 3, -0.9],
							"easing": "linear"
						},
						"0.25": {
							"vector": [1, 3, -5.9],
							"easing": "linear"
						}
					}
				},
				"bipedLeftArm": {
					"rotation": {
						"0.0": {
							"vector": [-152.53729, 0.86717, -19.92442],
							"easing": "linear"
						},
						"0.25": {
							"vector": [-190.03729, 0.86717, -19.92442],
							"easing": "linear"
						}
					},
					"position": {
						"0.0": {
							"vector": [-0.6, 3, -1],
							"easing": "linear"
						},
						"0.25": {
							"vector": [-0.6, 3, -5],
							"easing": "linear"
						}
					}
				},
				"bipedLeftLeg": {
					"rotation": {
						"0.0": {
							"vector": [19.18844, -6.79626, -14.04226],
							"easing": "linear"
						},
						"0.25": {
							"vector": [-62.2265, 5.31793, -10.31183],
							"easing": "linear"
						}
					},
					"position": {
						"0.0": {
							"vector": [0, 1, 1],
							"easing": "linear"
						},
						"0.25": {
							"vector": [1, 3, -11],
							"easing": "linear"
						}
					}
				},
				"bipedRightLeg": {
					"rotation": {
						"0.0": {
							"vector": [22.668, -0.68799, 11.43278],
							"easing": "linear"
						},
						"0.25": {
							"vector": [-92.58962, -5.57623, 14.14677],
							"easing": "linear"
						}
					},
					"position": {
						"0.0": {
							"vector": [0, 0, 2],
							"easing": "linear"
						},
						"0.25": {
							"vector": [-1, 2, -12],
							"easing": "linear"
						}
					}
				}
			}
		},
		"smsr.double_jump": {
			"animation_length": 0.6667,
			"blend_weight": "1.2",
			"bones": {
				"bipedHead": {
					"rotation": {
						"0.0": {
							"vector": [0, 0, 0],
							"easing": "linear"
						},
						"0.2083": {
							"vector": [12.5, 0, 0],
							"easing": "linear"
						},
						"0.375": {
							"vector": [12.5, 0, 0],
							"easing": "linear"
						},
						"0.6667": {
							"vector": [0, 0, 0],
							"easing": "linear"
						}
					},
					"position": {
						"0.0": {
							"vector": [0, 0, 0],
							"easing": "linear"
						},
						"0.2083": {
							"vector": [0, 0, 0],
							"easing": "linear"
						},
						"0.375": {
							"vector": [0, 0, 0],
							"easing": "linear"
						},
						"0.6667": {
							"vector": [0, 0, 0],
							"easing": "linear"
						}
					}
				},
				"bipedBody": {
					"rotation": {
						"0.0": {
							"vector": [0, 0, 0],
							"easing": "linear"
						},
						"0.2083": {
							"vector": [50, 0, 0],
							"easing": "linear"
						},
						"0.375": {
							"vector": [50, 0, 0],
							"easing": "linear"
						},
						"0.6667": {
							"vector": [0, 0, 0],
							"easing": "linear"
						}
					},
					"position": {
						"0.0": {
							"vector": [0, 0, 0],
							"easing": "linear"
						},
						"0.2083": {
							"vector": [0, 0, 0],
							"easing": "linear"
						},
						"0.375": {
							"vector": [0, 0, 0],
							"easing": "linear"
						},
						"0.6667": {
							"vector": [0, 0, 0],
							"easing": "linear"
						}
					}
				},
				"bipedRightArm": {
					"rotation": {
						"0.0": {
							"vector": [0, 0, 0],
							"easing": "linear"
						},
						"0.2083": {
							"vector": [20, -30, 92.5],
							"easing": "linear"
						},
						"0.375": {
							"vector": [20, -30, 92.5],
							"easing": "linear"
						},
						"0.6667": {
							"vector": [0, 0, 0],
							"easing": "linear"
						}
					},
					"position": {
						"0.0": {
							"vector": [0, 0, 0],
							"easing": "linear"
						},
						"0.2083": {
							"vector": [-1, -1, 4],
							"easing": "linear"
						},
						"0.375": {
							"vector": [-1, -1, 4],
							"easing": "linear"
						},
						"0.6667": {
							"vector": [0, 0, 0],
							"easing": "linear"
						}
					}
				},
				"bipedLeftArm": {
					"rotation": {
						"0.0": {
							"vector": [0, 0, 0],
							"easing": "linear"
						},
						"0.2083": {
							"vector": [20, 30, -92.5],
							"easing": "linear"
						},
						"0.375": {
							"vector": [20, 30, -92.5],
							"easing": "linear"
						},
						"0.6667": {
							"vector": [0, 0, 0],
							"easing": "linear"
						}
					},
					"position": {
						"0.0": {
							"vector": [0, 0, 0],
							"easing": "linear"
						},
						"0.2083": {
							"vector": [1, -1, 4],
							"easing": "linear"
						},
						"0.375": {
							"vector": [1, -1, 4],
							"easing": "linear"
						},
						"0.6667": {
							"vector": [0, 0, 0],
							"easing": "linear"
						}
					}
				},
				"bipedLeftLeg": {
					"rotation": {
						"0.0": {
							"vector": [0, 0, 0],
							"easing": "linear"
						},
						"0.2083": {
							"vector": [0, 0, 0],
							"easing": "linear"
						},
						"0.375": {
							"vector": [0, 0, 0],
							"easing": "linear"
						},
						"0.6667": {
							"vector": [0, 0, 0],
							"easing": "linear"
						}
					},
					"position": {
						"0.0": {
							"vector": [0, 0, 0],
							"easing": "linear"
						},
						"0.2083": {
							"vector": [0, 0, 0],
							"easing": "linear"
						},
						"0.375": {
							"vector": [0, 0, 0],
							"easing": "linear"
						},
						"0.6667": {
							"vector": [0, 0, 0],
							"easing": "linear"
						}
					}
				},
				"LeftLeg": {
					"rotation": {
						"0.0": {
							"vector": [0, 0, 0],
							"easing": "linear"
						},
						"0.2083": {
							"vector": [22.84258, -43.95627, -0.46269],
							"easing": "linear"
						},
						"0.375": {
							"vector": [22.84258, -43.95627, -0.46269],
							"easing": "linear"
						},
						"0.6667": {
							"vector": [0, 0, 0],
							"easing": "linear"
						}
					},
					"position": {
						"0.0": {
							"vector": [0, 0, 0],
							"easing": "linear"
						},
						"0.2083": {
							"vector": [4, 6, 5],
							"easing": "linear"
						},
						"0.375": {
							"vector": [4, 6, 5],
							"easing": "linear"
						},
						"0.6667": {
							"vector": [0, 0, 0],
							"easing": "linear"
						}
					}
				},
				"bipedRightLeg": {
					"rotation": {
						"0.0": {
							"vector": [0, 0, 0],
							"easing": "linear"
						},
						"0.2083": {
							"vector": [15, 0, -12.5],
							"easing": "linear"
						},
						"0.375": {
							"vector": [15, 0, -12.5],
							"easing": "linear"
						},
						"0.6667": {
							"vector": [0, 0, 0],
							"easing": "linear"
						}
					},
					"position": {
						"0.0": {
							"vector": [0, 0, 0],
							"easing": "linear"
						},
						"0.2083": {
							"vector": [0, 0, 0],
							"easing": "linear"
						},
						"0.375": {
							"vector": [0, 0, 0],
							"easing": "linear"
						},
						"0.6667": {
							"vector": [0, 0, 0],
							"easing": "linear"
						}
					}
				},
				"RightLeg": {
					"rotation": {
						"0.0": {
							"vector": [0, 0, 0],
							"easing": "linear"
						},
						"0.2083": {
							"vector": [-1.93255, 34.39275, -12.14787],
							"easing": "linear"
						},
						"0.375": {
							"vector": [-1.93255, 34.39275, -12.14787],
							"easing": "linear"
						},
						"0.6667": {
							"vector": [0, 0, 0],
							"easing": "linear"
						}
					},
					"position": {
						"0.0": {
							"vector": [0, 0, 0],
							"easing": "linear"
						},
						"0.2083": {
							"vector": [-3, 5, 6],
							"easing": "linear"
						},
						"0.375": {
							"vector": [-3, 5, 6],
							"easing": "linear"
						},
						"0.6667": {
							"vector": [0, 0, 0],
							"easing": "linear"
						}
					}
				}
			}
		}
	},
	"geckolib_format_version": 2
}