{
	"format_version": "1.12.0",
	"minecraft:geometry": [
		{
			"description": {
				"identifier": "geometry.unknown",
				"texture_width": 128,
				"texture_height": 128,
				"visible_bounds_width": 3,
				"visible_bounds_height": 3.5,
				"visible_bounds_offset": [0, 1.25, 0]
			},
			"bones": [
				{
					"name": "bipedHead",
					"pivot": [0, 24, 0]
				},
				{
					"name": "armorHead",
					"parent": "bipedHead",
					"pivot": [0, 24, 0]
				},
				{
					"name": "Head",
					"parent": "armorHead",
					"pivot": [0, 24, 0],
					"cubes": [
						{"origin": [-4, 24, -4], "size": [8, 8, 8], "uv": [0, 17]}
					]
				},
				{
					"name": "Lenses",
					"parent": "Head",
					"pivot": [0.5, 24, 0]
				},
				{
					"name": "Right",
					"parent": "Lenses",
					"pivot": [-2.92327, 26.05805, -4.02],
					"cubes": [
						{"origin": [-1.75, 27, -4.003], "size": [1, 2, 0], "pivot": [-2, 26.7, -4.001], "rotation": [0, 0, -40], "uv": [18, 36]},
						{"origin": [-2.8, 26.375, -4.001], "size": [1, 1, 0], "pivot": [-2, 26.7, -4.001], "rotation": [0, 0, -12.5], "uv": [18, 34]},
						{"origin": [-1.825, 26.425, -4.002], "size": [1, 1, 0], "pivot": [-2, 26.7, -4.001], "rotation": [0, 0, -24.25], "uv": [18, 34]},
						{"origin": [-3.30673, 27.2507, -4.001], "size": [1, 2, 0], "pivot": [-2.60673, 28.0507, -4.001], "rotation": [0, 0, -1], "uv": [20, 36]},
						{"origin": [-3.58193, 28.45377, -4.001], "size": [1, 1, 0], "pivot": [-2.80693, 28.95377, -4.001], "rotation": [0, 0.5, -12.5], "uv": [18, 36]},
						{"origin": [-3.42327, 26.75805, -3.97], "size": [1, 1, 0], "pivot": [-2.92327, 26.05805, -4.02], "rotation": [0, 14, 57.5], "uv": [38, 19]},
						{"origin": [-2.58785, 27.19623, -3.97], "size": [1, 1, 0], "pivot": [-2.08785, 26.49623, -4.02], "rotation": [0, 14, 50], "uv": [38, 23]},
						{"origin": [-2.4262, 26.11855, -3.72818], "size": [1, 1, 0], "pivot": [-1.9262, 27.61855, -3.77818], "rotation": [-14, 0, 68.5], "uv": [36, 21]},
						{"origin": [-2.11213, 25.52161, -3.72818], "size": [1, 1, 0], "pivot": [-1.61213, 27.02161, -3.77818], "rotation": [-14, 0, 56], "uv": [36, 23]},
						{"origin": [-3.42327, 26.20805, -3.9701], "size": [1, 1, 0], "pivot": [-2.92327, 26.05805, -4.02], "rotation": [0, 14, 57.5], "uv": [38, 19]}
					]
				},
				{
					"name": "Left",
					"parent": "Lenses",
					"pivot": [2.92327, 26.05805, -4.02],
					"cubes": [
						{"origin": [1.53785, 26.73012, -3.97], "size": [1, 3, 0], "pivot": [2.03785, 28.23012, -4.02], "rotation": [0, -14, 42.5], "uv": [40, 18], "mirror": true},
						{"origin": [1.58785, 27.19623, -3.97], "size": [1, 1, 0], "pivot": [2.08785, 26.49623, -4.02], "rotation": [0, -14, -50], "uv": [38, 23], "mirror": true},
						{"origin": [2.42327, 26.20805, -3.9701], "size": [1, 1, 0], "pivot": [2.92327, 26.05805, -4.02], "rotation": [0, -14, -57.5], "uv": [38, 19], "mirror": true},
						{"origin": [1.11213, 25.52161, -3.72818], "size": [1, 1, 0], "pivot": [1.61213, 27.02161, -3.77818], "rotation": [-14, 0, -56], "uv": [36, 23], "mirror": true},
						{"origin": [1.4262, 26.11855, -3.72818], "size": [1, 1, 0], "pivot": [1.9262, 27.61855, -3.77818], "rotation": [-14, 0, -68.5], "uv": [36, 21], "mirror": true},
						{"origin": [2.38436, 27.44898, -3.80075], "size": [1, 2, 0], "pivot": [2.18436, 28.94898, -3.85075], "rotation": [0, 14, -4.5], "uv": [36, 18], "mirror": true},
						{"origin": [2.36214, 28.93972, -3.80075], "size": [1, 1, 0], "pivot": [2.16214, 29.08972, -3.85075], "rotation": [0, 14, -4.5], "uv": [40, 23], "mirror": true},
						{"origin": [1.57304, 29.12456, -3.97], "size": [1, 1, 0], "pivot": [2.07304, 28.19956, -4.02], "rotation": [0, -14, 40], "uv": [40, 23], "mirror": true},
						{"origin": [-2.53785, 26.73012, -3.97], "size": [1, 3, 0], "pivot": [-2.03785, 28.23012, -4.02], "rotation": [0, 14, -42.5], "uv": [40, 18]},
						{"origin": [-2.57304, 29.12456, -3.97], "size": [1, 1, 0], "pivot": [-2.07304, 28.19956, -4.02], "rotation": [0, 14, -40], "uv": [40, 23]},
						{"origin": [-3.36214, 28.93972, -3.80075], "size": [1, 1, 0], "pivot": [-2.16214, 29.08972, -3.85075], "rotation": [0, -14, 4.5], "uv": [40, 23]},
						{"origin": [-3.38436, 27.44898, -3.80075], "size": [1, 2, 0], "pivot": [-2.18436, 28.94898, -3.85075], "rotation": [0, -14, 4.5], "uv": [36, 18]},
						{"origin": [2.42327, 26.75805, -3.97], "size": [1, 1, 0], "pivot": [2.92327, 26.05805, -4.02], "rotation": [0, -14, -57.5], "uv": [38, 19], "mirror": true},
						{"origin": [0.75, 27, -4.003], "size": [1, 2, 0], "pivot": [2, 26.7, -4.001], "rotation": [0, 0, 40], "uv": [18, 36], "mirror": true},
						{"origin": [2.30673, 27.2507, -4.001], "size": [1, 2, 0], "pivot": [2.60673, 28.0507, -4.001], "rotation": [0, 0, 1], "uv": [20, 36], "mirror": true},
						{"origin": [1.8, 26.375, -4.001], "size": [1, 1, 0], "pivot": [2, 26.7, -4.001], "rotation": [0, 0, 12.5], "uv": [18, 34], "mirror": true},
						{"origin": [0.825, 26.425, -4.002], "size": [1, 1, 0], "pivot": [2, 26.7, -4.001], "rotation": [0, 0, 24.25], "uv": [18, 34], "mirror": true},
						{"origin": [2.58193, 28.45377, -4.001], "size": [1, 1, 0], "pivot": [2.80693, 28.95377, -4.001], "rotation": [0, -0.5, 12.5], "uv": [18, 36], "mirror": true}
					]
				},
				{
					"name": "bipedBody",
					"pivot": [0, 24, 0]
				},
				{
					"name": "armorBody",
					"parent": "bipedBody",
					"pivot": [0, 24, 0]
				},
				{
					"name": "Body",
					"parent": "armorBody",
					"pivot": [0, 24, 0],
					"cubes": [
						{"origin": [-4, 12, -2], "size": [8, 12, 4], "uv": [33, 0]},
						{"origin": [-4, 12, -2], "size": [8, 12, 4], "inflate": 0.15, "uv": [29, 30]},
						{"origin": [-3.3, 17.2, -2.2], "size": [1, 3, 0], "pivot": [-3.3, 18, -2.2], "rotation": [0, 0, -22.5], "uv": [76, 4]},
						{"origin": [2.3, 17.2, -2.2], "size": [1, 3, 0], "pivot": [3.3, 18, -2.2], "rotation": [0, 0, 22.5], "uv": [76, 4], "mirror": true}
					]
				},
				{
					"name": "Symbol",
					"parent": "Body",
					"pivot": [0, 24.525, 0.1],
					"cubes": [
						{"origin": [-0.5, 20.525, -2.275], "size": [1, 1, 0], "inflate": -0.025, "uv": [13, 34]},
						{"origin": [0.02656, 21.22636, -2.095], "size": [1, 1, 0], "pivot": [0.50156, 21.75136, -2.18624], "rotation": [0, 14, -17], "uv": [31, 23]},
						{"origin": [0.23446, 20.5682, -2.04805], "size": [1, 1, 0], "pivot": [1.25946, 20.8682, -2.09091], "rotation": [14, 0, -8.5], "uv": [25, 17]},
						{"origin": [-0.50612, 20.16654, -2.095], "size": [2, 1, 0], "pivot": [1.51888, 20.66654, -2.18624], "rotation": [14, 0, 4], "uv": [24, 4]},
						{"origin": [0.55156, 20.82636, -2.095], "size": [1, 1, 0], "pivot": [1.05156, 21.30136, -2.18624], "rotation": [0, 14, -17], "uv": [31, 0]},
						{"origin": [0.35617, 19.575, -2.095], "size": [1, 1, 0], "pivot": [0.85617, 20.075, -2.18624], "rotation": [0, 14, 9], "uv": [28, 21]},
						{"origin": [-0.68953, 20.04175, -2.095], "size": [2, 1, 0], "pivot": [0.33547, 20.54175, -2.18624], "rotation": [14, 0, 30], "uv": [24, 4]},
						{"origin": [-0.15485, 19.17479, -2.095], "size": [1, 1, 0], "pivot": [0.34515, 19.67479, -2.18624], "rotation": [0, 14, 12], "uv": [33, 25]},
						{"origin": [-0.25172, 19.7105, -2.095], "size": [1, 1, 0], "pivot": [0.24828, 20.2105, -2.18624], "rotation": [14, 0, 57.5], "uv": [16, 34]},
						{"origin": [-0.74828, 19.7105, -2.095], "size": [1, 1, 0], "pivot": [-0.24828, 20.2105, -2.18624], "rotation": [14, 0, -57.5], "uv": [16, 34], "mirror": true},
						{"origin": [-0.84515, 19.17479, -2.095], "size": [1, 1, 0], "pivot": [-0.34515, 19.67479, -2.18624], "rotation": [0, -14, -12], "uv": [33, 25], "mirror": true},
						{"origin": [-1.35617, 19.575, -2.095], "size": [1, 1, 0], "pivot": [-0.85617, 20.075, -2.18624], "rotation": [0, -14, -9], "uv": [28, 21], "mirror": true},
						{"origin": [-1.31047, 20.04175, -2.095], "size": [2, 1, 0], "pivot": [-0.33547, 20.54175, -2.18624], "rotation": [14, 0, -30], "uv": [24, 4], "mirror": true},
						{"origin": [-1.49388, 20.16654, -2.095], "size": [2, 1, 0], "pivot": [-1.51888, 20.66654, -2.18624], "rotation": [14, 0, -4], "uv": [24, 4], "mirror": true},
						{"origin": [-1.55156, 20.82636, -2.095], "size": [1, 1, 0], "pivot": [-1.05156, 21.30136, -2.18624], "rotation": [0, -14, 17], "uv": [31, 0], "mirror": true},
						{"origin": [-1.23446, 20.5682, -2.04805], "size": [1, 1, 0], "pivot": [-1.25946, 20.8682, -2.09091], "rotation": [14, 0, 8.5], "uv": [25, 17], "mirror": true},
						{"origin": [-1.02656, 21.22636, -2.095], "size": [1, 1, 0], "pivot": [-0.50156, 21.75136, -2.18624], "rotation": [0, -14, 17], "uv": [31, 23], "mirror": true},
						{"origin": [-0.60246, 19.76954, -2.15259], "size": [1, 1, 0], "pivot": [-0.05246, 20.19454, -2.15259], "rotation": [2.61298, 9.65594, 15.22074], "uv": [34, 2]},
						{"origin": [-0.37254, 19.76954, -2.15259], "size": [1, 1, 0], "pivot": [0.05246, 20.19454, -2.15259], "rotation": [2.61298, -9.65594, -15.22074], "uv": [34, 0]}
					]
				},
				{
					"name": "SymbolBack",
					"parent": "Body",
					"pivot": [0, 22.925, -0.1],
					"cubes": [
						{"origin": [-0.5, 17.925, 2.25], "size": [1, 1, 0], "uv": [31, 21]},
						{"origin": [-0.60246, 17.04454, 2.15259], "size": [1, 1, 0], "pivot": [-0.05246, 17.59454, 2.15259], "rotation": [-2.61298, -9.65594, 15.22074], "uv": [31, 19]},
						{"origin": [-0.39754, 17.04454, 2.15259], "size": [1, 1, 0], "pivot": [0.05246, 17.59454, 2.15259], "rotation": [-2.61298, 9.65594, -15.22074], "uv": [31, 17]},
						{"origin": [-0.9398, 16.76822, 2.12741], "size": [2, 1, 0], "pivot": [-0.7398, 17.26822, 1.12741], "rotation": [-14, 0, -63], "uv": [0, 6]},
						{"origin": [-1.45438, 16.93903, 2.12741], "size": [2, 1, 0], "pivot": [-1.25438, 17.43903, 1.12741], "rotation": [-14, 0, -42], "uv": [0, 2]},
						{"origin": [-1.0262, 17.70515, 2.09771], "size": [1, 1, 0], "pivot": [-0.1762, 18.20515, 2.09771], "rotation": [-14, 0, -20], "uv": [25, 2]},
						{"origin": [-1.0262, 17.98015, 2.09771], "size": [1, 1, 0], "pivot": [-0.1762, 18.48015, 2.09771], "rotation": [-14, 0, -13.5], "uv": [0, 23]},
						{"origin": [-1.76899, 18.18098, 2.09771], "size": [1, 1, 0], "pivot": [-0.91899, 18.68098, 2.09771], "rotation": [14, 0, 34], "uv": [5, 6]},
						{"origin": [-1.62279, 18.47374, 2.09771], "size": [1, 1, 0], "pivot": [-0.77279, 18.97374, 2.09771], "rotation": [14, 0, 56], "uv": [5, 2]},
						{"origin": [-2.28552, 18.47031, 2.098], "size": [1, 1, 0], "pivot": [-1.43552, 18.97031, 2.09771], "rotation": [14, 0, 82], "uv": [0, 21]},
						{"origin": [-1.99905, 18.98832, 2.09771], "size": [1, 1, 0], "pivot": [-1.14905, 19.48832, 2.09771], "rotation": [14, 0, 98], "uv": [3, 17]},
						{"origin": [0.0262, 17.98015, 2.09771], "size": [1, 1, 0], "pivot": [0.1762, 18.48015, 2.09771], "rotation": [-14, 0, 13.5], "uv": [3, 21]},
						{"origin": [0.62279, 18.47374, 2.09771], "size": [1, 1, 0], "pivot": [0.77279, 18.97374, 2.09771], "rotation": [14, 0, -56], "uv": [5, 0]},
						{"origin": [0.99905, 18.98832, 2.09771], "size": [1, 1, 0], "pivot": [1.14905, 19.48832, 2.09771], "rotation": [14, 0, -98], "uv": [0, 17]},
						{"origin": [0.0262, 17.70515, 2.09771], "size": [1, 1, 0], "pivot": [0.1762, 18.20515, 2.09771], "rotation": [-14, 0, 20], "uv": [3, 23]},
						{"origin": [0.76899, 18.18098, 2.09771], "size": [1, 1, 0], "pivot": [0.91899, 18.68098, 2.09771], "rotation": [14, 0, -34], "uv": [5, 4]},
						{"origin": [1.28552, 18.47031, 2.09771], "size": [1, 1, 0], "pivot": [1.43552, 18.97031, 2.09771], "rotation": [14, 0, -82], "uv": [3, 19]},
						{"origin": [-1.0262, 17.73015, 2.07271], "size": [1, 1, 0], "pivot": [-0.1762, 18.23015, 2.07271], "rotation": [0, 0, 34], "uv": [25, 0]},
						{"origin": [-0.32668, 14.91387, 2.157], "size": [1, 1, 0], "pivot": [-0.82668, 15.41387, 0.15712], "rotation": [-14, 0, -97], "uv": [28, 19]},
						{"origin": [-0.02668, 14.91387, 2.15712], "size": [1, 1, 0], "pivot": [-0.82668, 15.41387, 0.15712], "rotation": [-14, 0, -97], "uv": [28, 17]},
						{"origin": [-0.54518, 15.19932, 2.15712], "size": [1, 1, 0], "pivot": [-1.34518, 15.69932, 0.15712], "rotation": [-14, 0, -97], "uv": [28, 2]},
						{"origin": [-0.45482, 15.19932, 2.15712], "size": [1, 1, 0], "pivot": [1.34518, 15.69932, 0.15712], "rotation": [-14, 0, 97], "uv": [28, 0]},
						{"origin": [-0.54562, 16.93903, 2.12741], "size": [2, 1, 0], "pivot": [1.25438, 17.43903, 1.12741], "rotation": [-14, 0, 42], "uv": [0, 0]},
						{"origin": [-1.0602, 16.76822, 2.12741], "size": [2, 1, 0], "pivot": [0.7398, 17.26822, 1.12741], "rotation": [-14, 0, 63], "uv": [0, 4]},
						{"origin": [-0.97332, 14.91387, 2.15712], "size": [1, 1, 0], "pivot": [0.82668, 15.41387, 0.15712], "rotation": [-14, 0, 97], "uv": [28, 4]},
						{"origin": [-0.67332, 14.91387, 2.157], "size": [1, 1, 0], "pivot": [0.82668, 15.41387, 0.15712], "rotation": [-14, 0, 97], "uv": [28, 6]}
					]
				},
				{
					"name": "bipedRightArm",
					"pivot": [-5, 22, 0]
				},
				{
					"name": "armorRightArm",
					"parent": "bipedRightArm",
					"pivot": [-5, 22, 0]
				},
				{
					"name": "RightArm",
					"parent": "armorRightArm",
					"pivot": [-5, 22, 0],
					"cubes": [
						{"origin": [-8, 12, -2], "size": [4, 12, 4], "uv": [58, 0], "mirror": true},
						{"origin": [-8, 12, -2], "size": [4, 12, 4], "inflate": 0.15, "uv": [50, 17], "mirror": true}
					]
				},
				{
					"name": "bipedLeftArm",
					"pivot": [5, 22, 0]
				},
				{
					"name": "armorLeftArm",
					"parent": "bipedLeftArm",
					"pivot": [5, 22, 0]
				},
				{
					"name": "LeftArm",
					"parent": "armorLeftArm",
					"pivot": [5, 22, 0],
					"cubes": [
						{"origin": [4, 12, -2], "size": [4, 12, 4], "uv": [58, 0]},
						{"origin": [4, 12, -2], "size": [4, 12, 4], "inflate": 0.15, "uv": [50, 17]}
					]
				},
				{
					"name": "bipedLeftLeg",
					"pivot": [2, 12, 0]
				},
				{
					"name": "armorLeftLeg",
					"parent": "bipedLeftLeg",
					"pivot": [2, 12, 0]
				},
				{
					"name": "LeftLeg",
					"parent": "armorLeftLeg",
					"pivot": [1.9, 12, 0],
					"cubes": [
						{"origin": [-0.1, 0, -2], "size": [4, 12, 4], "uv": [13, 47]},
						{"origin": [-0.1, 0, -2], "size": [4, 12, 4], "inflate": 0.25, "uv": [0, 34]}
					]
				},
				{
					"name": "armorLeftBoot",
					"parent": "bipedLeftLeg",
					"pivot": [2, 12, 0]
				},
				{
					"name": "bipedRightLeg",
					"pivot": [-2, 12, 0]
				},
				{
					"name": "armorRightLeg",
					"parent": "bipedRightLeg",
					"pivot": [-2, 12, 0]
				},
				{
					"name": "RightLeg",
					"parent": "armorRightLeg",
					"pivot": [-1.9, 12, 0],
					"cubes": [
						{"origin": [-3.9, 0, -2], "size": [4, 12, 4], "uv": [47, 47]},
						{"origin": [-3.9, 0, -2], "size": [4, 12, 4], "inflate": 0.25, "uv": [30, 47]}
					]
				},
				{
					"name": "armorRightBoot",
					"parent": "bipedRightLeg",
					"pivot": [-2, 12, 0]
				}
			]
		}
	]
}