{
	"schemaVersion": 1,
	"id": "fecfs-superheroes",
	"version": "${version}",
	"name": "Fecf's Superheroes",
	"description": "",
	"authors": [
		"fecf_"
	],
	"contact": {
		"homepage": "https://fabricmc.net/",
		"sources": "https://github.com/FabricMC/fabric-example-mod"
	},
	"license": "CC0-1.0",
	"icon": "assets/fecfs-superheroes/icon.png",
	"environment": "*",
	"entrypoints": {
		"main": [
			"com.fecfssuperheroes.FecfsSuperheroes"
		],
		"fabric-datagen": [
			"com.fecfssuperheroes.FecfsSuperheroesDataGenerator"
		],
		"client": [
			"com.fecfssuperheroes.FecfsSuperheroesClient"
		]
	},
	"mixins": [
		"fecfs-superheroes.mixins.json"
	],
	"depends": {
		"fabricloader": ">=0.16.3",
		"minecraft": "~1.20.1",
		"java": ">=17",
		"fabric-api": "*"
	},
	"suggests": {
		"another-mod": "*"
	}
}