{
  "format_version": "1.12.0",
  "minecraft:geometry": [
    {
      "description": {
        "identifier": "geometry.web_line",
        "texture_width": 32,
        "texture_height": 32
      },
      "bones": [
        {
          "name": "bone",
          "pivot": [0, 15, 0],
          "cubes": [
            {
              "origin": [-1, 6, -1],
              "size": [2, 18, 2],
              "uv": [0, 0]
            },
            {
              "origin": [-1, 6, -1],
              "size": [2, 18, 2],
              "inflate": 0.25,
              "uv": [9, 0]
            }
          ]
        }
      ]
    }
  ]
}